{
  "model_name": "XGBoost",
  "training_date": "20260503_082741",
  "accuracy": 0.9730377692534671,
  "f1_score": 0.8855726584920428,
  "auc_roc": 0.9920925935182463,
  "precision": 0.887935544626975,
  "recall": 0.8832223147377186,
  "cv_mean": 0.9492292505474624,
  "cv_std": 0.0017450761890744116,
  "train_time": 18.539501667022705
}